time,TS1
6.250000221067846e-09,
0.008349290283333251,294.986
0.016707784733334088,294.986
0.025078556249999905,294.984
0.03342730070000073,294.987
0.041780870833333476,294.98
0.050128950700000514,294.981
0.0584775930666666,294.986
0.06683470695000059,294.984
0.07518138541666701,294.983
0.08352718681666715,294.981
0.09187201250000025,294.983
0.10022230973333326,294.983
0.10856855070000032,294.981
0.11691346181666708,294.984
0.1252571680666667,294.984
0.13360495000000014,294.983
0.1419679757000002,294.984
0.1503339402833338,294.986
0.15869551945000068,294.981
0.16705656875000063,294.986
0.1754095139000005,294.983
0.18376253125000044,294.983
0.19213635973333396,294.986
0.20048920556666683,294.986
0.20883914028333378,294.986
0.2172012270833335,294.986
0.22556646875000014,294.986
0.23393292223333334,294.984
0.2422844791666667,294.984
0.25063298820000074,294.987
0.25898125278333356,294.987
0.26732995070000054,294.984
0.27567119791666717,294.987
0.2840181222333333,294.987
0.29236481945000037,294.984
0.3007087583333335,294.98
0.3090537687500008,294.987
0.3174037757000008,294.983
0.325745354866667,294.981
0.33408817916666655,294.986
0.3424314222333341,294.986
0.3507737104166665,294.98
0.35911650348333335,294.987
0.3674678138999999,294.987
0.3758208055666671,294.983
0.3841703534833338,294.984
0.3925162187500007,294.98
0.40086381250000047,294.984
0.4092212152833336,294.986
0.41756253541666694,294.986
0.42591317986666677,294.987
0.43426073195,294.981
0.4426045375000001,294.986
0.45095309653333404,294.981
0.45930565208333385,294.984
0.4676563277833338,294.986
0.4760096007000006,294.98
0.48436032291666703,294.983
0.4927335055666674,294.983
0.5011083889000001,294.983
0.5094572937500004,294.983
0.5178152291666672,294.983
0.5261609514000004,294.984
0.534508414583334,294.986
0.5428569125000006,294.981
0.5512029958333339,294.986
0.5595629576500006,294.983
0.5679155611166673,294.983
0.5762627569500002,294.98
0.5846097118166672,294.986
0.5929562270833334,294.986
0.6013020875000005,294.981
0.6096490458333335,294.981
0.617992802083334,294.984
0.6263367194500006,294.984
0.6346797673666666,294.983
0.643021909733334,294.981
0.6513726395833336,294.986
0.6597231215333333,294.987
0.6680760312500004,294.984
0.6764277395833337,294.984
0.6847776826500005,294.984
0.693129833333334,294.987
0.7014801562500007,294.987
0.7098314639000004,294.986
0.7181835826500002,294.983
0.7265340249999999,294.984
0.7349581687500006,294.984
0.7433103472333339,294.987
0.7516702889000005,294.987
0.7600321541666669,294.986
0.7683851020833335,294.986
0.7767382055666673,294.988
0.7850921368166667,294.986
0.7934440715333333,294.984
0.8017955111166667,294.986
0.8101432708333334,294.986
0.8185060104166666,294.986
0.8268712784833335,294.981
0.8352187895833338,294.981
0.8435709784833335,294.986
0.8519308076500001,294.983
0.860283877083334,294.987
0.86863528125,294.984
0.8769878694500003,294.981
0.8853423618166668,294.984
0.8936997548666672,294.981
0.902059209733334,294.986
0.9104193257000001,294.986
0.9187797715333337,294.986
0.9271390548666668,294.988
0.9354970437500005,294.986
0.9438557125000008,294.988
0.9522158548666672,294.986
0.9605817069500006,294.986
0.9689423770833334,294.983
0.9773030270833336,294.986
0.9856630708333332,294.986
0.9940323173666674,294.986
1.0023902527833333,294.987
1.0107502284833336,294.981
1.0191092000000006,294.984
1.027469309733334,294.986
1.0358283333333334,294.986
1.044177852783334,294.981
1.0525437166666667,294.983
1.060904577783334,294.986
1.0692655048666666,294.988
1.077625486816667,294.983
1.085985445833334,294.986
1.0943456847333333,294.983
1.1027033361166674,294.986
1.1110656479166674,294.984
1.1194254562500001,294.983
1.1277849972333334,294.986
1.1361451479166667,294.987
1.14451970625,294.984
1.1528806437499999,294.988
1.161244740283334,294.986
1.1695897514000004,294.987
1.1779538847333337,294.983
1.186315636116667,294.983
1.1946764764000004,294.98
1.2030377444500004,294.981
1.2113988000000007,294.987
1.2197593680666672,294.986
1.2281250048666672,294.986
1.236496547916667,294.986
1.2448721389000004,294.984
1.2532351861166668,294.981
1.261597604166667,294.986
1.269958754866667,294.986
1.2783235958333337,294.987
1.286677017366667,294.981
1.2950389187500009,294.984
1.3033998826500002,294.983
1.3117613020833336,294.984
1.3201228632000002,294.984
1.3284887868166673,294.984
1.336859370833334,294.984
1.3452219312500007,294.981
1.3535867715333334,294.987
1.3619643909833334,294.981
1.3703265944500003,294.981
1.3786929180666665,294.987
1.387055004166667,294.986
1.3954165284833333,294.984
1.4037756861166666,294.984
1.4121375319500005,294.984
1.420507596533334,294.984
1.428872604866667,294.983
1.4372364944500002,294.983
1.4455979604166667,294.986
1.4539596715333336,294.986
1.4623226014000001,294.984
1.4706721916666672,294.99
1.4790360014000006,294.988
1.4873987014000003,294.984
1.4957741520833339,294.981
1.5041375111166673,294.98
1.5125011590333335,294.984
1.5208681465333334,294.987
1.529230316666667,294.986
1.537593872233334,294.984
1.5459561673666664,294.987
1.55431940625,294.983
1.5626829166666671,294.987
1.5710482062500006,294.986
1.5794111187500002,294.986
1.5877734701500004,294.983
1.5961190562500007,294.986
1.6044817764000006,294.99
1.6128529062500008,294.984
1.6212170257000007,294.987
1.6295801555666667,294.984
1.6379423632000008,294.987
1.6463041194500003,294.983
1.6546693340333338,294.986
1.6630333875,294.987
1.6713961222333333,294.988
1.6797600465333338,294.981
1.6881226389000006,294.981
1.6964880201500003,294.986
1.7048735395833339,294.984
1.7132377069500004,294.984
1.7216001389000004,294.987
1.7299626034833333,294.988
1.7383166937500003,294.988
1.7466734514000004,294.988
1.7550372493166673,294.988
1.7634129250000001,294.988
1.7717760951500006,294.988
1.7801397694500005,294.988
1.7885067340333336,294.988
1.7968749145833338,294.988
1.8052242208333336,294.988
1.8135881277833334,294.988
1.821948193066667,294.988
1.8303121236166666,294.988
1.838678066666667,294.988
1.8470423951500001,294.988
1.8554069340333332,294.988
1.8637701819500003,294.988
1.8721332902833334,294.988
1.8804999972333338,294.988
1.8888748611166666,294.988
1.8972315569500002,294.988
1.9055953187500003,294.988
1.9139589000000001,294.988
1.9223295014000001,294.988
1.930692818066667,294.988
1.9390571854166665,294.988
1.9474184423666665,294.988
1.9558416875000006,294.988
1.9642078020833338,294.988
1.9725895958333335,294.988
1.9809977354166668,294.988
1.9893892375000006,294.988
1.9977690277833338,294.988
2.0061212847333336,294.988
2.0145031729166667,294.988
2.0228507944500005,294.988
2.0312160020833336,294.988
2.039597521533333,294.988
2.0479789125000005,294.988
2.056368005566667,294.988
2.064761379866667,294.988
2.073140990983334,294.988
2.0815677257000003,294.988
2.08999240625,294.988
2.098372615983334,294.988
2.1067959104166665,294.988
2.1152148354166673,294.988
2.1236375055666667,294.988
2.1320680555666676,294.988
2.1404834826500005,294.988
2.148904986116667,294.988
2.1573235514,294.988
2.16573832015,294.988
2.1741394889000003,294.988
2.1825709305666674,294.988
2.1909398548666674,294.988
2.1993070507,294.988
2.2076919784833335,294.988
2.2161201715333334,294.988
2.22449803195,294.988
2.232890247233334,294.988
2.2412793270833333,294.988
2.249650592366667,294.988
2.258015016666667,294.988
2.266377970833333,294.988
2.2747344909833336,294.988
2.2831095833333337,294.988
2.291526934033334,294.988
2.299929068750001,294.988
2.3083179062500006,294.988
2.316688746533333,294.988
2.325053104866667,294.988
2.3334652514000007,294.988
2.3418930632,294.988
2.3503016000000003,294.988
2.358708322233334,294.988
2.3670964340333334,294.988
2.3754791007000002,294.988
2.3838943507,294.988
2.3923204687500004,294.988
2.400716915283333,294.988
2.4091307965333337,294.988
2.4175430486166665,294.988
2.425972672233334,294.988
2.4343907007000003,294.988
2.4427875958333334,294.988
2.4512083340333333,294.988
2.4596384125000004,294.988
2.468050839583334,294.988
2.4764702402833336,294.988
2.48487183125,294.988
2.4932384389,294.988
2.5016009743166667,294.988
2.5100142201500004,294.988
2.518399999316667,294.988
2.5268307347333336,294.988
2.5352462826500006,294.988
2.5436654520833333,294.988
2.55209053125,294.988
2.560507009033334,294.988
2.56892404445,294.988
2.5773464618166666,294.988
2.5857502027833332,294.988
2.5941815076500006,294.988
2.602618729166667,294.988
2.611043479866667,294.988
2.619466103483334,294.988
2.6278797326500003,294.988
2.6362819895833334,294.988
2.6447047208333334,294.988
2.653176854866667,294.988
2.6615674027833336,294.988
2.669993386116667,294.988
2.678381428483334,294.988
2.6867773680666667,294.988
2.6951718208333335,294.988
2.703588743066667,294.988
2.712217067366667,294.988
2.7206169382000005,294.988
2.729004285416667,294.988
2.7373931229166666,294.988
2.745760699316667,294.988
2.754148876400001,294.988
2.7625188430666667,294.988
2.770951598616667,294.988
2.7793769437500004,294.988
2.7878141805666674,294.988
2.7962152444500004,294.988
2.8046458652833337,294.988
2.813071658333334,294.988
2.82150708195,294.988
2.8298979486166673,294.988
2.8383369132000005,294.988
2.8467828618166675,294.988
2.8552184375000005,294.988
2.863653927783334,294.988
2.8720911361166666,294.988
2.8805130083333332,294.988
2.888959517366667,294.988
2.8973839097333336,294.988
2.905815868750001,294.988
2.9142548382,294.988
2.9226961014,294.988
2.93109778125,294.988
2.9395827736166664,294.988
2.948041061116667,294.988
2.956487527083334,294.988
2.9648641139000005,294.988
2.973235828483334,294.988
2.9816181243166673,294.988
2.990051774316667,294.988
2.99849486875,294.988
3.0069104652833336,294.988
3.01531783265,294.988
3.023741334733334,294.988
3.0321703583333335,294.988
3.0406010305666675,294.988
3.049009231950001,294.988
3.057432659733334,294.988
3.0658573805666673,294.988
3.074254048616667,294.988
3.082652359033334,294.988
3.0910630430666677,294.988
3.0994569298666677,294.988
3.107899842366666,294.988
3.1163310944500013,294.988
3.124764429866666,294.988
3.1332067798666676,294.988
3.1416300770833336,294.988
3.1500701340333337,294.988
3.158470543750001,294.988
3.166912125,294.988
3.175353218066667,294.988
3.1837439139,294.988
3.1921717145833335,294.988
3.2006088694500012,294.988
3.209061320833334,294.988
3.217493215983333,294.988
3.2259310916666672,294.988
3.2343628625,294.988
3.2427884277833328,294.988
3.2511589118166673,294.988
3.25952849515,294.988
3.267963052083334,294.988
3.2764059930666662,294.988
3.2848523264000002,294.988
3.293293101400001,294.988
3.3017376819499997,294.988
3.310167713900001,294.988
3.318605732650001,294.988
3.3270515618166665,294.988
3.335496398616667,294.988
3.343960255566667,294.988
3.3523985854166662,294.988
3.360842434733334,294.988
3.3692714284833327,294.988
3.377714706250001,294.988
3.386162047233333,294.988
3.394606945833333,294.988
3.4030518326499997,294.988
3.4114978639000006,294.988
3.419933573616668,294.988
3.4283790111166668,294.988
3.4368076687500007,294.988
3.4452522625,294.988
3.4537009763999995,294.988
3.4621454514,294.988
3.4705863715333343,294.988
3.47901399445,294.988
3.4874427409833335,294.988
3.495818170833334,294.988
3.5041886138999994,294.988
3.512571433333334,294.988
3.5210211770833335,294.988
3.5294508652833345,294.988
3.5378945034833342,294.988
3.5463183333333337,294.988
3.5547146722333336,294.988
3.5631546701499994,294.988
3.571586772916666,294.988
3.5800329708333334,294.988
3.588413827783333,294.988
3.596851465983333,294.988
3.605289691666668,294.988
3.6136954534833334,294.988
3.6221679201499994,294.988
3.630603844450001,294.988
3.6390535284833345,294.988
3.647502589583334,294.988
3.655925943066667,294.988
3.664358145833333,294.988
3.672808283333333,294.988
3.6812574750000002,294.988
3.689656929866666,294.988
3.6980979687500004,294.988
3.7065334541666677,294.988
3.7149747826499993,294.988
3.7234261201500005,294.988
3.7318796333333344,294.988
3.740330823616666,294.988
3.7487503041666677,294.988
3.75711559375,294.988
3.765487934733334,294.988
3.7739314451500006,294.988
3.7823732340333334,294.988
3.7908131937500014,294.988
3.799266209733333,294.988
3.807711206949999,294.988
3.8161629909833334,294.988
3.8246202875000006,294.988
3.8330687132000008,294.988
3.8415210819500003,294.988
3.849958275000001,294.988
3.858405120150001,294.988
3.8668580166666677,294.988
3.875308490983333,294.988
3.883753917366667,294.988
3.8922025576499997,294.988
3.900650620833334,294.988
3.909088460416667,294.988
3.9175399340333334,294.988
3.9259907618166676,294.988
3.9344315014000006,294.988
3.942874592366668,294.988
3.951313602083334,294.988
3.9597541465333346,294.988
3.9681933152833335,294.988
3.9765757944499995,294.988
3.9849866423666667,294.988
3.993382402083333,294.988
4.001751522233334,294.988
4.010141097233333,294.988
4.0185154416666675,294.988
4.026942261116668,294.988
4.035375508333333,294.988
4.043811965283335,294.988
4.052225520833333,294.988
4.0606660368166665,294.988
4.069051086816667,294.988
4.077473072916667,294.988
4.085865613899999,294.988
4.094299657650001,294.988
4.1027273590333335,294.988
4.111111762500001,294.988
4.119532610416668,294.988
4.12793714445,294.988
4.13637180765,294.988
4.144804902083334,294.988
4.153236123616668,294.988
4.161621877083334,294.988
4.1700269,294.988
4.178410323616668,294.988
4.186901142366667,294.988
4.195282291666667,294.988
4.203674414583333,294.988
4.212053014583333,294.988
4.220454448616667,294.988
4.228869175700001,294.988
4.23729844445,294.988
4.245729943066666,294.988
4.254128339583333,294.988
4.262500274316667,294.988
4.2709358493166665,294.988
4.279375965283334,294.988
4.287820795833334,294.988
4.296263547233333,294.988
4.304690865983333,294.988
4.313089365983333,294.988
4.321505123616668,294.988
4.329948430566668,294.988
4.338377524316668,294.988
4.346808993066667,294.988
4.355218267366667,294.988
4.363659500700001,294.988
4.3720972389,294.988
4.380538964583335,294.988
4.388970297233333,294.988
4.397413215283334,294.988
4.4058630611166665,294.988
4.414267267366666,294.988
4.422708608333334,294.988
4.431130956950001,294.988
4.439565763900001,294.988
4.448015341666667,294.988
4.456451484033334,294.988
4.464895230566667,294.988
4.473339252083333,294.988
4.48177324515,294.988
4.490212527083333,294.988
4.4986275007000005,294.988
4.507049129166666,294.988
4.515436261116666,294.988
4.523808209033334,294.988
4.532202410416668,294.988
4.54065225,294.988
4.549048795833333,294.988
4.557435752083333,294.988
4.5658422083333345,294.988
4.574236947233333,294.988
4.58267463125,294.988
4.591064955566667,294.988
4.599513660416667,294.988
4.607964501400001,294.988
4.616406273616666,294.988
4.624837092366667,294.988
4.633274134733335,294.988
4.641659390283334,294.988
4.6501067264,294.988
4.658541980566667,294.988
4.666978950000001,294.988
4.675424777783334,294.988
4.68387104445,294.988
4.692442060416667,294.988
4.700886049316666,294.988
4.709335279166666,294.988
4.717785790283334,294.988
4.726235141666667,294.988
4.7347073257000005,294.988
4.743115072916668,294.988
4.751497027783333,294.988
4.75989538195,294.988
4.768299270150001,294.988
4.7767360583333325,294.988
4.785186777783333,294.988
4.793622524316666,294.988
4.802065762500001,294.988
4.8105026632,294.988
4.8189037007,294.988
4.82734766945,294.988
4.835797884033335,294.988
4.8442421014,294.988
4.852628954866668,294.988
4.861062699316667,294.988
4.869512113200001,294.988
4.8779640479166675,294.988
4.886397334733333,294.988
4.894850530566668,294.988
4.90324355695,294.988
4.911689473616666,294.988
4.920143117366667,294.988
4.92859809515,294.988
4.936978111116667,294.988
4.945424777783333,294.988
4.9538712382,294.988
4.962322318066668,294.988
4.970771408333334,294.988
4.979226133333333,294.988
4.9876738951499995,294.988
4.996127122916667,294.988
5.0045250305666675,294.988
5.0129023125,294.988
5.021275090983334,294.988
5.029717877783333,294.988
5.038170604166666,294.988
5.046585364583334,294.988
5.055007747916667,294.988
5.063446960416668,294.988
5.0718394736166665,294.988
5.080217558333333,294.988
5.088703627783334,294.988
5.097151893066667,294.988
5.105591153483333,294.988
5.1140334889000005,294.988
5.1224791757,294.988
5.130935097233334,294.988
5.139375360416667,294.988
5.147834356250001,294.988
5.156292194450001,294.988
5.16475047015,294.988
5.173189992366667,294.988
5.181638307650001,294.988
5.1900806347333335,294.988
5.198486725,294.988
5.206930526400001,294.988
5.21538353125,294.988
5.2237937625,294.988
5.23225610695,294.988
5.240699365283334,294.988
5.24911148195,294.988
5.2574819173666665,294.988
5.26585474515,294.988
5.274280980566667,294.988
5.282664502083334,294.988
5.291079922233334,294.988
5.299508259033334,294.988
5.307948996533333,294.988
5.3164036222333335,294.988
5.324801867366668,294.988
5.333258894450001,294.988
5.341708316666667,294.988
5.350106588900001,294.988
5.358553958333333,294.988
5.367010757650001,294.988
5.375411305566668,294.988
5.383882171533333,294.988
5.392340508333334,294.988
5.400787993750001,294.988
5.40922069445,294.988
5.417666334733335,294.988
5.426124522916667,294.988
5.434551412499999,294.988
5.442983370150001,294.988
5.45141944445,294.988
5.459886736116667,294.988
5.46833165765,294.988
5.476752573616667,294.988
5.485209253483334,294.988
5.493666718066668,294.988
5.502112128483334,294.988
5.510540030566668,294.988
5.518896145833334,294.988
5.527270386816666,294.988
5.535717226399999,294.988
5.54412987015,294.988
5.552537333333334,294.988
5.560971985416667,294.988
5.569398190983334,294.988
5.577839164583334,294.988
5.586230521533333,294.988
5.594700892366666,294.988
5.603072411816668,294.988
5.61146515765,294.988
5.6199412326500005,294.988
5.628403971533334,294.988
5.636870997233333,294.988
5.645329460416666,294.988
5.65392506945,294.988
5.662385116666668,294.988
5.670825722916666,294.988
5.679281391666667,294.988
5.6877380389,294.988
5.6962008014,294.988
5.704661422916668,294.988
5.713123218750001,294.988
5.721584727083334,294.988
5.730049511816667,294.988
5.738485375,294.988
5.746947827083334,294.988
5.755408035416666,294.988
5.763780411816668,294.988
5.772153241666667,294.988
5.780563435416666,294.988
5.789016930566668,294.988
5.797475539583334,294.988
5.805924203483333,294.988
5.814355535416667,294.988
5.822822292366666,294.988
5.831275345833333,294.988
5.83971376875,294.988
5.848162177783334,294.988
5.856615791666668,294.988
5.865071084733333,294.988
5.873525846533334,294.988
5.881992440983335,294.988
5.890442678483335,294.988
5.898903277783333,294.988
5.907365772233333,294.988
5.915815334033334,294.988
5.924275524316667,294.988
5.932672172916668,294.988
5.94113313265,294.988
5.9495951111166665,294.988
5.95802219515,294.988
5.966472766666667,294.988
5.97487161875,294.988
5.983334995833334,294.988
5.99179229445,294.988
6.0002049632,294.988
6.008636725,294.988
6.01707755765,294.988
6.025454100700001,294.988
6.033919499316667,294.988
6.042388918066667,294.988
6.050843514583334,294.988
6.059304141666668,294.988
6.067761421533334,294.988
6.0762246007,294.988
6.08467618265,294.988
6.0931362298666665,294.988
6.101604711116667,294.988
6.110009410416667,294.988
6.118470227083334,294.988
6.126931180566666,294.988
6.135382110416668,294.988
6.143834848616667,294.988
6.152291067366666,294.988
6.1607150632000005,294.988
6.169146361116668,294.988
6.1775789507,294.988
6.186017377083333,294.988
6.194483232650001,294.988
6.202907352783333,294.988
6.21137303265,294.988
6.219832784733333,294.988
6.228302042366667,294.988
6.2367646423666665,294.988
6.245225071533333,294.988
6.253688404866668,294.988
6.2621510097333335,294.988
6.2705382639,294.988
6.278915468066668,294.988
6.2873569826499995,294.988
6.2958217520833335,294.988
6.304285059033334,294.988
6.312751057650001,294.988
6.3212185514,294.988
6.329688850699999,294.988
6.338155290283335,294.988
6.346614901400001,294.988
6.355085791666667,294.988
6.363558872916666,294.988
6.372005221533333,294.988
6.380465929866668,294.988
6.38889205695,294.988
6.3973577389,294.988
6.405834303483333,294.988
6.414291988900001,294.988
6.4227220889,294.988
6.431186683333333,294.988
6.4396340104166665,294.988
6.448100904866666,294.988
6.45656009445,294.988
6.4650248930666665,294.988
6.473495657650001,294.988
6.48195489515,294.988
6.490422135416667,294.988
6.4988972729166665,294.988
6.5073547354166665,294.988
6.516096934733333,294.988
6.524481559733333,294.988
6.532857135416667,294.988
6.541331043066667,294.988
6.549785617366667,294.988
6.558255985416666,294.988
6.566687423616667,294.988
6.575145751400001,294.988
6.583613761116666,294.988
6.592084738900001,294.988
6.600558890983334,294.988
6.609030114583333,294.988
6.617504266666668,294.988
6.625961253483334,294.988
6.634418310416668,294.988
6.642882570833334,294.988
6.651361472233334,294.988
6.659811797233333,294.988
6.668268114583333,294.988
6.676673696533332,294.988
6.6850752694499995,294.988
6.693554296533335,294.988
6.702030958333333,294.988
6.71049430695,294.988
6.718956372233334,294.988
6.727424631250001,294.988
6.735819691666666,294.988
6.744215514583333,294.988
6.752661484033334,294.988
6.761071568066667,294.988
6.769467372916666,294.988
6.7778487270833345,294.988
6.786249461816666,294.988
6.794675065283334,294.988
6.803133923616667,294.988
6.81158737015,294.988
6.820043106949999,294.988
6.828442677083333,294.988
6.8368404861166665,294.988
6.8452431520833334,294.988
6.853645849316667,294.988
6.8620518708333345,294.988
6.870447839583334,294.988
6.878919871533333,294.988
6.8874446375,294.988
6.895858973616668,294.988
6.904250477783333,294.988
6.9126414736166675,294.988
6.9210378555666665,294.988
6.9295077014,294.988
6.937910309733335,294.988
6.946390959733334,294.988
6.954871988200001,294.988
6.963350345150001,294.988
6.97181469445,294.988
6.980298711116666,294.988
6.988781579866667,294.988
6.997260167366667,294.988
7.0056977909833344,294.988
7.0140955472333335,294.988
7.022503398616666,294.988
7.030905608333333,294.988
7.039286340983335,294.988
7.047774667366666,294.988
7.056242084733333,294.988
7.064691643066666,294.988
7.073099533333333,294.988
7.0814961375,294.988
7.0899694389,294.988
7.098442327083333,294.988
7.106864544450001,294.988
7.115345540983333,294.988
7.123824765983334,294.988
7.13229707015,294.988
7.140711589583334,294.988
7.149165025000001,294.988
7.157615140283332,294.988
7.166095069450001,294.988
7.174562008333335,294.988
7.183045586816667,294.988
7.19153445,294.988
7.1999445757,294.988
7.2084256875,294.988
7.216894841666667,294.988
7.225352009033333,294.988
7.233787652083334,294.988
7.242272155566668,294.988
7.250759778483333,294.988
7.2591640250000005,294.988
7.267558277083334,294.988
7.27592180625,294.988
7.2843328444500015,294.988
7.292710534733333,294.988
7.301204923616667,294.988
7.309682576400001,294.988
7.318148130566667,294.988
7.326615760416668,294.988
7.335072672233333,294.988
7.343549118066667,294.988
7.351945598616666,294.988
7.36041955695,294.988
7.368901447233333,294.988
7.377345383333334,294.988
7.385837482650001,294.988
7.394324940983333,294.988
7.402809429166667,294.988
7.411209412500001,294.988
7.419680301400001,294.988
7.428086617366666,294.988
7.4364923097333335,294.988
7.4448998764,294.988
7.453311868066666,294.988
7.4617253923666675,294.988
7.4701228257,294.988
7.4785310208333335,294.988
7.486931890983333,294.988
7.495328800699999,294.988
7.5037378236166665,294.988
7.5121451875,294.988
7.520542914583333,294.988
7.528920568749999,294.988
7.537359019449999,294.988
7.5458059625,294.988
7.554209380566666,294.988
7.5626232062500005,294.988
7.571042297916666,294.988
7.579453029866667,294.988
7.587893040983333,294.988
7.59630980695,294.988
7.604757986116667,294.988
7.613165725,294.988
7.62161135695,294.988
7.630022227083334,294.988
7.638433247233334,294.988
7.646843914583334,294.988
7.655297098616667,294.988
7.66372331945,294.988
7.672179446533334,294.988
7.680596990283333,294.988
7.689100761116667,294.988
7.6975312125,294.988
7.705939799316668,294.988
7.714338234733334,294.988
7.722755011816667,294.988
7.731176756950001,294.988
7.739600571533334,294.988
7.7480157458333325,294.988
7.756415536116667,294.988
7.764837848616667,294.988
7.773243578483333,294.988
7.78166603265,294.988
7.790107465283333,294.988
7.79855676875,294.988
7.806971636816668,294.988
7.815421984733334,294.988
7.823867178483334,294.988
7.83229080695,294.988
7.840719757650001,294.988
7.849153122233333,294.988
7.857589103483333,294.988
7.866028816666668,294.988
7.8744501375,294.988
7.8828921368166665,294.988
7.891360584033334,294.988
7.899801856250002,294.988
7.908229716666668,294.988
7.916728593066666,294.988
7.925157247916668,294.988
7.9335805764,294.988
7.9420196,294.988
7.950461046533334,294.988
7.958899772233333,294.988
7.96733570625,294.988
7.975797366666667,294.988
7.984230220833334,294.988
7.992651785416667,294.988
8.0010983389,294.988
8.009539168066667,294.988
8.017974218750002,294.988
8.026396599316667,294.988
8.0348699389,294.988
8.043338480566668,294.988
8.05179718195,294.988
8.060226518750001,294.988
8.06869100695,294.988
8.07712665695,294.988
8.085553255566667,294.988
8.093996048616667,294.988
8.102454694450001,294.988
8.110874917366667,294.988
8.119297015983333,294.988
8.127712672233333,294.988
8.136156839583334,294.988
8.144562725,294.988
8.152980168066666,294.988
8.161394231250002,294.988
8.169846176400002,294.988
8.178289340283333,294.988
8.186748787500001,294.988
8.195174185416667,294.988
8.203637590983332,294.988
8.2120957875,294.988
8.220548908333333,294.988
8.229010143066667,294.988
8.23745601875,294.988
8.245915034733333,294.988
8.254367939583334,294.988
8.262823949316667,294.988
8.271277177783334,294.988
8.279695977783334,294.988
8.288105461816667,294.988
8.296539964583335,294.988
8.304990747233333,294.988
8.313419854166668,294.988
8.321841879166666,294.988
8.330258703483333,294.988
8.338681779166667,294.988
8.34710840695,294.988
8.355528243066667,294.988
8.363941302083335,294.988
8.372387046533335,294.988
8.380851579866667,294.988
8.389289400700001,294.988
8.397755033333333,294.988
8.406238609033334,294.988
8.414725834033332,294.988
8.42320464445,294.988
8.431677552083334,294.988
8.4401348,294.988
8.44859196875,294.988
8.45703175765,294.988
8.465478797916667,294.988
8.4739293764,294.988
8.482381109033334,294.988
8.490786486816667,294.988
8.499219205566666,294.988
8.507672255566668,294.988
8.516122034733334,294.988
8.524566505566666,294.988
8.53302094515,294.988
8.541460030566668,294.988
8.549919890283336,294.988
8.558382230566668,294.988
8.566828853483333,294.988
8.5752895,294.988
8.583729011816668,294.988
8.592184277783334,294.988
8.600598224999999,294.988
8.609045983333333,294.988
8.617482023616667,294.988
8.625937269449999,294.988
8.63438595695,294.988
8.642835314583332,294.988
8.651290728483332,294.988
8.659758324316666,294.988
8.668234951399999,294.988
8.676687679166665,294.988
8.685145729866667,294.988
8.693587313899998,294.988
8.702025445149998,294.988
8.71048779375,294.988
8.718943513200001,294.988
8.727398871533333,294.988
8.735848086116668,294.988
8.744304043749999,294.988
8.752775622916666,294.988
8.7612291007,294.988
8.769667859033332,294.988
8.7780923632,294.988
8.786554377083332,294.988
8.795001191666666,294.988
8.803437932650002,294.988
8.811876389583336,294.988
8.820306169450001,294.988
8.8287464264,294.988
8.837183902083332,294.988
8.845644525700001,294.988
8.854103384733332,294.988
8.862568634733334,294.988
8.871032992366668,294.988
8.879475247233332,294.988
8.8879493389,294.988
8.896378663200002,294.988
8.904846708333332,294.988
8.913263391666666,294.988
8.921696351399998,294.988
8.930119770833334,294.988
8.938582093066668,294.988
8.947016597916669,294.988
8.955461611116668,294.988
8.963897527783335,294.988
8.972339256249999,294.988
8.980769213900002,294.988
8.989206090283336,294.988
8.997647649316665,294.988
9.006096795149999,294.988
9.014550929866667,294.988
9.022994747233334,294.988
9.031431940283335,294.988
9.0398798625,294.988
9.048325332649998,294.988
9.056767003483333,294.988
9.065224777083335,294.988
9.073688376399998,294.988
9.082120777783333,294.988
9.0905696764,294.988
9.098996792366666,294.988
9.107446579866666,294.988
9.115873011816666,294.988
9.124321562499999,294.988
9.132779590283333,294.988
9.141245295833334,294.988
9.149675160416667,294.988
9.158140612500002,294.988
9.166597040983333,294.988
9.175012190983333,294.988
9.183466666666668,294.988
9.191914333333333,294.988
9.200368904166664,294.988
9.208814395833334,294.988
9.217243647916666,294.988
9.225691198616667,294.988
9.2341258632,294.988
9.242562153483334,294.988
9.250999563199999,294.988
9.259457977083333,294.988
9.267888013900002,294.988
9.276315883333332,294.988
9.284747454166666,294.988
9.293182249316665,294.988
9.3016462514,294.988
9.310099828483333,294.988
9.318559639583334,294.988
9.327017985416667,294.988
9.335485359733335,294.988
9.343938960416668,294.988
9.352403745150003,294.988
9.3608617264,294.988
9.369329298616666,294.988
9.3777683375,294.988
9.38623563541667,294.988
9.39469062015,294.988
9.403139017366668,294.988
9.4115897514,294.988
9.420048147916669,294.988
9.4285068007,294.988
9.436960020833332,294.988
9.445409019450002,294.988
9.453876059033332,294.988
9.462753221533335,294.988
9.471195193066668,294.988
9.479653756250002,294.988
9.488118369450001,294.988
9.49657290695,294.988
9.505015085416668,294.988
9.513472724316667,294.988
9.521947827783332,294.988
9.530409459733335,294.988
9.538872042366666,294.988
9.547335486116667,294.988
9.555788305566667,294.988
9.564249460416667,294.988
9.572707593066665,294.988
9.581182410416666,294.988
9.58964641736667,294.988
9.598103037500001,294.988
9.606554197233333,294.988
9.614945696533335,294.988
9.623400709033335,294.988
9.63186179515,294.988
9.640325803483332,294.988
9.648778429866669,294.988
9.657239573616668,294.988
9.66569271736667,294.988
9.674155089583333,294.988
9.682606157649998,294.988
9.691061949316667,294.988
9.699519064583335,294.988
9.707954925000001,294.988
9.716405254166666,294.988
9.72486595,294.988
9.733314747233331,294.988
9.741777754866666,294.988
9.750244955566666,294.988
9.758703759033335,294.988
9.767156524316666,294.988
9.775587695833334,294.988
9.7840440375,294.988
9.792496129166667,294.988
9.800967241666667,294.988
9.8094199875,294.988
9.817884617366667,294.988
9.826348886816668,294.988
9.8347970514,294.988
9.843249652783333,294.988
9.851713571533333,294.988
9.860172343066665,294.988
9.868609152083335,294.988
9.877085901400001,294.988
9.885548414583335,294.988
9.894002642366669,294.988
9.902452009033334,294.988
9.910913747916668,294.988
9.919385864583335,294.988
9.927850518750002,294.988
9.936299784733334,294.988
9.944745890983333,294.988
9.9531970125,294.988
9.961661473616667,294.988
9.970106268749998,294.988
9.978581769449999,294.988
9.987068877783335,294.988
9.995607678483335,294.988
10.0040815257,294.988
10.012541795833332,294.988
10.021015693066666,294.988
10.029506342366668,294.988
10.037958475700002,294.988
10.046427070833333,294.988
10.054874364583334,294.988
10.06332950765,294.988
10.071781554166668,294.988
10.080222760416666,294.988
10.088667822916667,294.988
10.097117433333334,294.988
10.105602009033335,294.988
10.114031977783334,294.988
10.122468849316666,294.988
10.130940941666665,294.988
10.139389345833335,294.988
10.147846398616666,294.988
10.156315337499999,294.988
10.164778902783333,294.988
10.173246329166666,294.988
10.181718069450001,294.988
10.190171727783335,294.988
10.198620547233334,294.988
10.207074571533333,294.988
10.215547025000001,294.988
10.224012474316664,294.988
10.23247112291667,294.988
10.24094199445,294.988
10.249403229866667,294.988
10.257852146533333,294.988
10.266301543066668,294.988
10.274772752083333,294.988
10.283238574316666,294.988
10.291695804166666,294.988
10.300159331249999,294.988
10.308622074316668,294.988
10.317071648616668,294.988
10.325524697233334,294.988
10.333969823616666,294.988
10.34241519515,294.988
10.35085157015,294.988
10.359289490283334,294.988
10.367732160416669,294.988
10.376155096533333,294.988
10.3845983875,294.988
10.393034731250001,294.988
10.401482270833332,294.988
10.409931449316666,294.988
10.418387142366669,294.988
10.426836094450001,294.988
10.435314915283334,294.988
10.443765058333334,294.988
10.45222802015,294.988
10.460676789583333,294.988
10.469139569449998,294.988
10.477590979866667,294.988
10.486059821533335,294.988
10.494543022916666,294.988
10.503005186816665,294.988
10.5114744764,294.988
10.51993284515,294.988
10.528394082650001,294.988
10.536859147916667,294.988
10.545321765283331,294.988
10.55376187015,294.988
10.562225586816664,294.988
10.570684579166668,294.988
10.5791458007,294.988
10.58760255765,294.988
10.596064224316669,294.988
10.604532536116668,294.988
10.612940690983335,294.988
10.621413002783333,294.988
10.629870263199999,294.988
10.638327777783335,294.988
10.6467956125,294.988
10.655261664583334,294.988
10.663727679166668,294.988
10.672182674316666,294.988
10.680635983333335,294.988
10.689110291666669,294.988
10.697560115983332,294.988
10.706011624316666,294.988
10.714461650000002,294.988
10.722916946533333,294.988
10.731381722916668,294.988
10.739835141666667,294.988
10.7483130139,294.988
10.756778350700001,294.988
10.765242663900002,294.988
10.773714994449998,294.988
10.78218395765,294.988
10.790638763900002,294.988
10.799107549316666,294.988
10.807577193066667,294.988
10.816058136816666,294.988
10.824535802783336,294.988
10.833006255566666,294.988
10.841482611816666,294.988
10.849950115283331,294.988
10.858424630566667,294.988
10.86689028195,294.988
10.875356163900001,294.988
10.883828212500001,294.988
10.892290480566665,294.988
10.900764375700001,294.988
10.909227409733335,294.988
10.917704929866666,294.988
10.926164491666668,294.988
10.93463978125,294.988
10.943119239583332,294.988
10.951605028483334,294.988
10.960092543066667,294.988
10.968563118066667,294.988
10.977026177783333,294.988
10.985492765983334,294.988
10.993960052783333,294.988
11.002422411116667,294.988
11.010907639583335,294.988
11.019386264583334,294.988
11.027844,294.988
11.036292872916666,294.988
11.044738060416668,294.988
11.053195418066666,294.988
11.061657848616669,294.988
11.070116898616668,294.988
11.078579297916667,294.988
11.087063474316668,294.988
11.095521350700002,294.988
11.103998546533335,294.988
11.112431684733334,294.988
11.120913277783332,294.988
11.129382215283332,294.988
11.1378662125,294.988
11.146344695149999,294.988
11.154819661116669,294.988
11.163286321533333,294.988
11.17174013195,294.988
11.180211654166666,294.988
11.188674406950001,294.988
11.197139027783335,294.988
11.2056183382,294.988
11.214083950700001,294.988
11.222540515983333,294.988
11.230993293066668,294.988
11.239471184733334,294.988
11.247943353483333,294.988
11.256411468066668,294.988
11.264891407650001,294.988
11.27335338125,294.988
11.28182688125,294.988
11.290300666666667,294.988
11.2987862625,294.988
11.307241775,294.988
11.315725880566667,294.988
11.324207834033333,294.988
11.332672768750001,294.988
11.34114143195,294.988
11.349609037499999,294.988
11.358079148616666,294.988
11.366535612500002,294.988
11.374997118066668,294.988
11.38347965,294.988
11.39196790765,294.988
11.400436740283332,294.988
11.408916336816667,294.988
11.4173870889,294.988
11.425850548616665,294.988
11.434327375000002,294.988
11.442782902783335,294.988
11.451234120833332,294.988
11.459727630566666,294.988
11.468190852783334,294.988
11.476685785416668,294.988
11.485151599999998,294.988
11.493632155566669,294.988
11.502118045833333,294.988
11.51060216875,294.988
11.51908498195,294.988
11.527560425,294.988
11.536029530566669,294.988
11.5444642014,294.988
11.552920348616665,294.988
11.56138880765,294.988
11.569850208333332,294.988
11.578299795833335,294.988
11.586748866666664,294.988
11.595188968749998,294.988
11.60362734375,294.988
11.61207010695,294.988
11.620498997233332,294.988
11.628947098616667,294.988
11.63741595695,294.988
11.645892722916665,294.988
11.65433969583333,294.988
11.662830040983332,294.988
11.671278223616666,294.988
11.679743921533335,294.988
11.688192465983331,294.988
11.696658841666666,294.988
11.705136954866665,294.988
11.713609140283332,294.988
11.722081703483331,294.988
11.730546009033333,294.988
11.739009434033331,294.988
11.747476864583332,294.988
11.755958380566664,294.988
11.764445348616668,294.988
11.772940382649999,294.988
11.781411055566666,294.988
11.78981688125,294.988
11.798259333333332,294.988
11.806746854866667,294.988
11.815231936816668,294.988
11.823719325699999,294.988
11.832177946533333,294.988
11.840653213899998,294.988
11.849136874316665,294.988
11.857614338899998,294.988
11.866098330566665,294.988
11.874567110416665,294.988
11.883178964583331,294.988
11.8916666757,294.988
11.9001377,294.988
11.90859977015,294.988
11.91708959445,294.988
11.92557443195,294.988
11.934061815983334,294.988
11.942536579866665,294.988
11.9510180264,294.988
11.959486210416665,294.988
11.967943468066665,294.988
11.976412913899999,294.988
11.984905673616668,294.988
11.993373774999998,294.988
12.001859808333332,294.988
12.010329033333331,294.988
12.0187875014,294.988
12.027275213899998,294.988
12.035734820833333,294.988
12.044205398616665,294.988
12.05266587223333,294.988
12.06113878403333,294.988
12.069614031950001,294.988
12.078080687499998,294.988
12.086554302783334,294.988
12.09504714028333,294.988
12.103516704866665,294.988
12.111986181249998,294.988
12.120446802783333,294.988
12.128933216666667,294.988
12.137418370149998,294.988
12.14589915903333,294.988
12.154369372233331,294.988
12.162833891666667,294.988
12.17130777223333,294.988
12.179771950000001,294.988
12.188231409733332,294.988
12.196728005566664,294.988
12.205221503483331,294.988
12.213691836116668,294.988
12.222158545833334,294.988
12.230642122916667,294.988
12.239126348616667,294.988
12.24760645208333,294.988
12.256084822233333,294.988
12.264561533333332,294.988
12.2730270514,294.988
12.281512551399999,294.988
12.289999809033334,294.988
12.298472745149999,294.988
12.3069386882,294.988
12.31539663195,294.988
12.323861100699999,294.988
12.332333779166667,294.988
12.34081928265,294.988
12.349304054866666,294.988
12.357813977783334,294.988
12.36626205765,294.988
12.3747439382,294.988
12.383230450700001,294.988
12.391713617366667,294.988
12.400190590283334,294.988
12.408667600699998,294.988
12.417129136816667,294.988
12.42561587015,294.988
12.434089008333334,294.988
12.442574491666665,294.988
12.451063308333335,294.988
12.459551995833332,294.988
12.468042263900001,294.988
12.476509836116668,294.988
12.48499797153333,294.988
12.493479902783333,294.988
12.501995156249999,294.988
12.510482996533332,294.988
12.5189779132,294.988
12.527443464583333,294.988
12.535936756249999,294.988
12.544401473616665,294.988
12.55285795695,294.988
12.561319642366668,294.988
12.5697880507,294.988
12.578267561816665,294.988
12.586727274999998,294.988
12.59518408265,294.988
12.6036269625,294.988
12.612104862499999,294.988
12.620573067366665,294.988
12.629069209033332,294.988
12.637528103483332,294.988
12.646018424316667,294.988
12.654461247233334,294.988
12.66288255625,294.988
12.671346887499999,294.988
12.679816357650001,294.988
12.688289161816666,294.988
12.696778897916666,294.988
12.705269045833331,294.988
12.713760115283332,294.988
12.722224027783334,294.988
12.730713065283332,294.988
12.739214197916665,294.988
12.74770030208333,294.988
12.756151775700001,294.988
12.764609434733332,294.988
12.773064848616665,294.988
12.781521889583333,294.988
12.790002442366665,294.988
12.798474710416667,294.988
12.806950686816666,294.988
12.815411201399998,294.988
12.8238693889,294.988
12.832299041666666,294.988
12.840764096533333,294.988
12.849205684033333,294.988
12.857667640983333,294.988
12.866148189583331,294.988
12.874631826399998,294.988
12.883097448616665,294.988
12.891558385416666,294.988
12.900013561816666,294.988
12.9084394764,294.988
12.916929432649999,294.988
12.925407404866666,294.988
12.933882215283331,294.988
12.94234066875,294.988
12.95079562778333,294.988
12.959280783333334,294.988
12.96775834515,294.988
12.97624325348333,294.988
12.984723547233333,294.988
12.993209018750001,294.988
13.001671090283333,294.988
13.01011945625,294.988
13.018604427783332,294.988
13.027092968066665,294.988
13.035586486816666,294.988
13.044051847233334,294.988
13.05251647015,294.988
13.061010446533333,294.988
13.069481376399999,294.988
13.077969180566667,294.988
13.086452660416667,294.988
13.094941589583334,294.988
13.103416615283333,294.988
13.111915971533332,294.988
13.120427471533333,294.988
13.128909472233333,294.988
13.13740480695,294.988
13.145855501400002,294.988
13.154341561816667,294.988
13.1628041514,294.988
13.17128742223333,294.988
13.179757157649998,294.988
13.188209686816666,294.988
13.196665927783332,294.988
13.20512616945,294.988
13.213621936116665,294.988
13.222110981250001,294.988
13.230594374316665,294.988
13.239078742366667,294.988
13.247549202783334,294.988
13.256013180566667,294.988
13.264495710416668,294.988
13.272984562499998,294.988
13.281466578483332,294.988
13.289940031950001,294.988
13.298432772233332,294.988
13.306935850699999,294.988
13.315431497233332,294.988
13.32390541875,294.988
13.332402456950001,294.988
13.340862508333332,294.988
13.349325073616667,294.988
13.357776623616667,294.988
13.366274588900001,294.988
13.37476374583333,294.988
13.383239045833333,294.988
13.39169735765,294.988
13.400174329166665,294.988
13.408648373616666,294.988
13.4171148514,294.988
13.425605297916665,294.988
13.434066342366664,294.988
13.442536470833334,294.988
13.450985409033335,294.988
13.4594465389,294.988
13.4679299632,294.988
13.476400098616667,294.988
13.484862511116667,294.988
13.493312094450001,294.988
13.501806674316667,294.988
13.5102669257,294.988
13.518750964583335,294.988
13.527225637499999,294.988
13.535722247233332,294.988
13.544222379866664,294.988
13.552681667366665,294.988
13.561149790283332,294.988
13.56962620625,294.988
13.578129793750001,294.988
13.586619178483334,294.988
13.595091809733333,294.988
13.60358240765,294.988
13.612089741666667,294.988
13.620573479166667,294.988
13.629025514583331,294.988
13.637468328483331,294.988
13.6459828632,294.988
13.654476790283331,294.988
13.66292197015,294.988
13.67139904515,294.988
13.679870031950001,294.988
13.6883374014,294.988
13.696792450699999,294.988
13.70523519515,294.988
13.713710249316668,294.988
13.722182760416665,294.988
13.730678194449998,294.988
13.739149947233333,294.988
13.747624842366667,294.988
13.75611165765,294.988
13.764577700699999,294.988
13.773043643066668,294.988
13.781516737499999,294.988
13.790020786816667,294.988
13.798477214583333,294.988
13.80694345695,294.988
13.815435161116666,294.988
13.823911067366664,294.988
13.83240426875,294.988
13.840886029166665,294.988
13.849362843066665,294.988
13.857841063899999,294.988
13.866299310416666,294.988
13.874782267366667,294.988
13.883245886116667,294.988
13.891713558333333,294.988
13.900186131949999,294.988
13.909888109033334,294.988
13.918587454866667,294.988
13.927026742366666,294.988
13.935503709033332,294.988
13.943974072233335,294.988
13.952485968066666,294.988
13.960978049316664,294.988
13.969445820833334,294.988
13.977903052783331,294.988
13.98637821945,294.988
13.9948498507,294.988
14.003421318750002,294.988
14.011888171533334,294.988
14.020358072916668,294.988
14.028823631949997,294.988
14.037262888199999,294.988
14.045739118749998,294.988
14.054207047233335,294.988
14.062668449316668,294.988
14.071133438199999,294.988
14.079608677783332,294.988
14.088081153483332,294.988
14.0965590007,294.988
14.105064578483333,294.988
14.1135321632,294.988
14.122003738899998,294.988
14.130501945833332,294.988
14.138982709733334,294.988
14.147476172916667,294.988
14.155963952083335,294.988
14.164465087499998,294.988
14.172945933333331,294.988
14.181447105566667,294.988
14.189920531250001,294.988
14.198420928483332,294.988
14.206886933333331,294.988
14.215383728483335,294.988
14.223881375,294.988
14.232346629166667,294.988
14.240841797916664,294.988
14.249325927783332,294.988
14.257797496533332,294.988
14.266267787499999,294.988
14.274738464583333,294.988
14.283206311816665,294.988
14.291677345833333,294.988
14.300118036116665,294.988
14.308610729166666,294.988
14.317094309033333,294.988
14.32558876945,294.988
14.334059081949999,294.988
14.342551966666667,294.988
14.351059416666665,294.988
14.359507348616667,294.988
14.368001404866668,294.988
14.376507154166665,294.988
14.384956208333332,294.988
14.393458961816664,294.988
14.401938747916665,294.988
14.410437381949999,294.988
14.418898084033334,294.988
14.427375388199998,294.988
14.435844311816668,294.988
14.444330013199998,294.988
14.45287133265,294.988
14.461339304866666,294.988
14.469804210416665,294.988
14.478275384733331,294.988
14.486752435416667,294.988
14.495224060416664,294.988
14.503722672233334,294.988
14.5121841382,294.988
14.520666240283333,294.988
14.529159808333334,294.988
14.53765718125,294.988
14.546156563200002,294.988
14.554654093066665,294.988
14.563162480566666,294.988
14.571651023616669,294.988
14.580119643066666,294.988
14.588609136116668,294.988
14.597081935416668,294.988
14.605564093066668,294.988
14.614065779166667,294.988
14.622537273616665,294.988
14.631025784033334,294.988
14.63953430695,294.988
14.648015269449997,294.988
14.656518334033334,294.988
14.665014228483331,294.988
14.673518895150002,294.988
14.682015051399999,294.988
14.690513040983335,294.988
14.698991647916667,294.988
14.707476745149998,294.988
14.715919992366667,294.988
14.724415255566665,294.988
14.732902584733331,294.988
14.741362968749998,294.988
14.749805898616668,294.988
14.758291304166665,294.988
14.766744924316667,294.988
14.775217028483333,294.988
14.783651261116665,294.988
14.792037661116668,294.988
14.800448540983332,294.988
14.808881210416667,294.988
